name,email
mustafa,mustafa@test.com
ali,ali@test.com
usman,usman@test.com
shakir,shakir@test.com
farrukh,farrukh@test.com
imran,imran@test.com
mateen,mateen@test.com
umar,umar@test.com
yawar,yawar@test.com
haseeb,haseeb@test.com
nauroz,nauroz@test.com
abc,abc@test.com
xyz,xyz@test.com
tuv,tuv@test.com
pqr,pqr@test.com
mno,mno@test.com
efg,efg@test.com
asmat,asmat@gmail.com
